{"cameraMode":{"drawMode":0,"name":"Shaded","section":"Shading Mode"},"sceneLighting":true,"audioPlay":false,"sceneViewState":{"m_AlwaysRefresh":false,"showFog":true,"showSkybox":true,"showFlares":true,"showImageEffects":true,"showParticleSystems":true,"showVisualEffectGraphs":true,"m_FxEnabled":true},"in2DMode":false,"pivot":{"x":500.0677795410156,"y":2.9369499683380129,"z":538.8101196289063},"rotation":{"x":-0.007321329787373543,"y":0.008101505227386952,"z":0.016225973144173623,"w":-1.0002412796020508},"size":12.12435531616211,"orthographic":false}