{"cameraMode":{"drawMode":0,"name":"Shaded","section":"Shading Mode"},"sceneLighting":true,"audioPlay":false,"sceneViewState":{"m_AlwaysRefresh":false,"showFog":true,"showSkybox":true,"showFlares":true,"showImageEffects":true,"showParticleSystems":true,"showVisualEffectGraphs":true,"m_FxEnabled":true},"in2DMode":false,"pivot":{"x":472.7354736328125,"y":-0.6437084674835205,"z":535.3881225585938},"rotation":{"x":0.10079894959926605,"y":-0.8645642399787903,"z":0.15028806030750276,"w":0.46942734718322756},"size":4.172952651977539,"orthographic":false}