{"cameraMode":{"drawMode":0,"name":"Shaded","section":"Shading Mode"},"sceneLighting":true,"audioPlay":false,"sceneViewState":{"m_AlwaysRefresh":false,"showFog":true,"showSkybox":false,"showFlares":true,"showImageEffects":true,"showParticleSystems":true,"showVisualEffectGraphs":true,"m_FxEnabled":true},"in2DMode":false,"pivot":{"x":1.341104507446289e-7,"y":1.7824338674545289,"z":0.30539509654045107},"rotation":{"x":-0.1791437268257141,"y":-0.13325093686580659,"z":0.024519087746739389,"w":-0.9744746685028076},"size":1.8416651487350464,"orthographic":false}