{"cameraMode":{"drawMode":0,"name":"Shaded","section":"Shading Mode"},"sceneLighting":true,"audioPlay":false,"sceneViewState":{"m_AlwaysRefresh":false,"showFog":true,"showSkybox":true,"showFlares":true,"showImageEffects":true,"showParticleSystems":true,"showVisualEffectGraphs":true,"m_FxEnabled":true},"in2DMode":false,"pivot":{"x":484.93414306640627,"y":-16.284915924072267,"z":436.9491271972656},"rotation":{"x":-0.0011070221662521363,"y":-0.9963808655738831,"z":0.08420345187187195,"w":-0.013156747445464135},"size":64.75340270996094,"orthographic":false}