{"cameraMode":{"drawMode":0,"name":"Shaded","section":"Shading Mode"},"sceneLighting":true,"audioPlay":false,"sceneViewState":{"m_AlwaysRefresh":false,"showFog":true,"showSkybox":false,"showFlares":true,"showImageEffects":true,"showParticleSystems":true,"showVisualEffectGraphs":true,"m_FxEnabled":true},"in2DMode":false,"pivot":{"x":-0.0006112009286880493,"y":1.7824337482452393,"z":-0.0006142258644104004},"rotation":{"x":-0.1791437268257141,"y":-0.13325093686580659,"z":0.024519087746739389,"w":-0.9744746685028076},"size":1.938684105873108,"orthographic":false}