{"cameraMode":{"drawMode":0,"name":"Shaded","section":"Shading Mode"},"sceneLighting":false,"audioPlay":false,"sceneViewState":{"m_AlwaysRefresh":false,"showFog":true,"showSkybox":false,"showFlares":true,"showImageEffects":true,"showParticleSystems":true,"showVisualEffectGraphs":true,"m_FxEnabled":true},"in2DMode":false,"pivot":{"x":1.5999999046325684,"y":1.3462275266647339,"z":3.976862907409668},"rotation":{"x":0.013028149493038655,"y":-0.9959945678710938,"z":0.09550058841705322,"w":0.0039053112268447878},"size":1.8820533752441407,"orthographic":false}